token_count,file_name
184,gold_full/Banco/CasaVerso/BD1-00580 - Cómo funciona la inteligencia artificial en CASAVERSO.md
102,gold_full/Banco/CasaVerso/BD1-00581 - Cómo puedo crear una cuenta en CASAVERSO.md
61,gold_full/Banco/CasaVerso/BD1-00582 - El Nuevo Portal CASAVERSO es de BancoEstado.md
46,gold_full/Banco/CasaVerso/BD1-00583 - El Nuevo Portal CASAVERSO es seguro.md
77,gold_full/Banco/CasaVerso/BD1-00584 - Es seguro compartir mi información personal en CASAVERSO.md
39,gold_full/Banco/CasaVerso/BD1-00585 - Hay propiedades para arriendo.md
45,gold_full/Banco/CasaVerso/BD1-00586 - Hay propiedades usadas.md
78,gold_full/Banco/CasaVerso/BD1-00587 - Para avanzar a la preaprobación me solicita registrar las credenciales BancoEstado del sitio web esto es correcto.md
163,gold_full/Banco/CasaVerso/BD1-00588 - Qué beneficios pueden identificar las personas al utilizar el Portal de CASAVERSO.md
96,gold_full/Banco/CasaVerso/BD1-00589 - Qué es CASAVERSO.md
54,gold_full/Banco/CasaVerso/BD1-00590 - Qué funcionalidades puedo acceder al registrar mis credenciales BancoEstado.md
103,gold_full/Banco/CasaVerso/BD1-00591 - Qué pasa cuando envío una solicitud de aprobación de crédito hipotecario.md
50,gold_full/Banco/CasaVerso/BD1-00592 - Qué pasa si no recuerdo mis credenciales de la Bance en línea.md
58,gold_full/Banco/CasaVerso/BD1-00593 - Si soy cliente del BancoEstado puedo ingresar con mis credenciales del banco.md
55,gold_full/Banco/Negocio/BD1-00594 - Antigüedad y Situación Laboral para Solicitar Crédito Hipotecario.md
92,gold_full/Banco/Negocio/BD1-00595 - Buen comportamiento y endeudamiento.md
280,gold_full/Banco/Negocio/BD1-00596 - Complementación de Renta Crédito Hipotecario.md
127,gold_full/Banco/Negocio/BD1-00597 - Financiamiento para Solicitar Crédito Hipotecario.md
77,gold_full/Banco/Negocio/BD1-00598 - Ley 21.389 de Pensiones.md
51,gold_full/Banco/Negocio/BD1-00599 - Nacionalidad para Solicitar Crédito Hipotecario.md
49,gold_full/Banco/Negocio/BD1-00600 - Pie para solicitar Crédito Hipotecario.md
280,gold_full/Banco/Negocio/BD1-00601 - Rango de Edad Minima y Maxima para solicitar Crédito Hipotecario.md
256,gold_full/Banco/Negocio/BD1-00602 - Renta líquida Mínima para Solicitar Crédito Hipotecario.md
522,gold_full/Educacion Financiera/Cuidar Tu Dinero/Detalle Cuidar Tu Dinero/BD1-00033 - Qué documentos debes guardar para mantener en orden tus gastos_v1.0.md
370,gold_full/Educacion Financiera/Cuidar Tu Dinero/Detalle Cuidar Tu Dinero/BD1-00034 - Cuidado con el sobreendeudamiento_v1.0.md
964,gold_full/Educacion Financiera/Cuidar Tu Dinero/Detalle Cuidar Tu Dinero/BD1-00035 - Aprende a renegociar una deuda_v1.0.md
526,gold_full/Educacion Financiera/Cuidar Tu Dinero/Detalle Cuidar Tu Dinero/BD1-00036 - Cómo calcular tu capacidad de pago_v1.0.md
964,gold_full/Educacion Financiera/Cuidar Tu Dinero/Detalle Cuidar Tu Dinero/BD1-00037 - Aprende a renegociar una deuda_v1.0.md
1007,gold_full/Educacion Financiera/Cuidar Tu Dinero/Detalle Cuidar Tu Dinero/BD1-00038 - Lo que debes saber antes de solicitar un crédito_v1.0.md
624,gold_full/Educacion Financiera/Cuidar Tu Dinero/Detalle Cuidar Tu Dinero/BD1-00039 - La importancia del endeudamiento informado_v1.0.md
272,gold_full/Educacion Financiera/Cuidar Tu Dinero/Detalle Cuidar Tu Dinero/BD1-00040 - Cómo usar eficientemente tu Tarjeta de Crédito_v1.0.md
625,gold_full/Educacion Financiera/Cuidar Tu Dinero/Detalle Cuidar Tu Dinero/BD1-00041 - Cómo planificar y fijar metas financieras_v1.0.md
497,gold_full/Educacion Financiera/Cuidar Tu Dinero/Detalle Cuidar Tu Dinero/BD1-00042 - Ventajas de organizar mis finanzas personales_v1.0.md
646,gold_full/Educacion Financiera/Cuidar Tu Dinero/Detalle Cuidar Tu Dinero/BD1-00043 - 3 pasos para no llegar justos a fin de mes_v1.0.md
453,gold_full/Educacion Financiera/Cuidar Tu Dinero/Detalle Cuidar Tu Dinero/BD1-00044 - El alza de los créditos informales y sus consecuencias_v1.0.md
300,gold_full/Educacion Financiera/Cuidar Tu Dinero/Detalle Cuidar Tu Dinero/BD1-00045 - Simulador crediticio una gran herramienta para tomar decisiones_v1.0.md
610,gold_full/Educacion Financiera/Cuidar Tu Dinero/Detalle Cuidar Tu Dinero/BD1-00046 - Recomendaciones para usar tu tarjeta de crédito_v1.0.md
980,gold_full/Educacion Financiera/Cuidar Tu Dinero/Detalle Cuidar Tu Dinero/BD1-00047 - Qué debo considerar en mi declaración de renta como personas_v1.0.md
472,gold_full/Educacion Financiera/Cuidar Tu Dinero/Detalle Cuidar Tu Dinero/BD1-00048 - Revisa el paso a paso para denunciar un siniestro_v1.0.md
372,gold_full/Educacion Financiera/Cuidar Tu Dinero/Detalle Cuidar Tu Dinero/BD1-00049 - Conoce el financiamiento especial para EcoViviendas_v1.0.md
1523,gold_full/Educacion Financiera/Cuidar Tu Dinero/Detalle Cuidar Tu Dinero/BD1-00050 - Preguntas frecuentes CuentaRUT_v1.0.md
297,gold_full/Educacion Financiera/Cuidar Tu Dinero/Detalle Cuidar Tu Dinero/BD1-00051 - Seguimos innovando en CuentaRUT_v1.0.md
428,gold_full/Educacion Financiera/Cuidar Tu Dinero/Detalle Cuidar Tu Dinero/BD1-00052 - Qué es la inflación_v1.0.md
627,gold_full/Educacion Financiera/Cuidar Tu Dinero/Detalle Cuidar Tu Dinero/BD1-00053 - Esto es lo que ocurre al descuidar la cotización antes de solicitar financiamiento_v1.0.md
452,gold_full/Educacion Financiera/Cuidar Tu Dinero/Detalle Cuidar Tu Dinero/BD1-00054 - Navidad segura Consejos para realizar tus compras de fin de año_v1.0.md
524,gold_full/Educacion Financiera/Cuidar Tu Dinero/Detalle Cuidar Tu Dinero/BD1-00055 - Estrategias para implementar el microahorro y garantizar una reserva mensual_v1.0.md
434,gold_full/Educacion Financiera/Cuidar Tu Dinero/Detalle Cuidar Tu Dinero/BD1-00056 - Cómo salir de DICOM_v1.0.md
295,gold_full/Educacion Financiera/Cuidar Tu Dinero/Detalle Cuidar Tu Dinero/BD1-00057 - Qué es DICOM_v1.0.md
246,gold_full/Educacion Financiera/Cuidar Tu Dinero/Detalle Cuidar Tu Dinero/BD1-00058 - Consejos para evitar los gastos hormiga_v1.0.md
328,gold_full/Educacion Financiera/Cuidar Tu Dinero/Detalle Cuidar Tu Dinero/BD1-00059 - Qué son los gastos hormiga_v1.0.md
508,gold_full/Educacion Financiera/Cuidar Tu Dinero/Detalle Cuidar Tu Dinero/BD1-00060 - La importancia de la Educación Financiera en la gestión de las deudas_v1.0.md
477,gold_full/Educacion Financiera/Cuidar Tu Dinero/Detalle Cuidar Tu Dinero/BD1-00061 - Consejos para un marzo sin apuros financieros_v1.0.md
333,gold_full/Educacion Financiera/Cuidar Tu Dinero/Detalle Cuidar Tu Dinero/BD1-00062 - Cómo hacer frente al aumento del costo de vida consejos prácticos_v1.0.md
770,gold_full/Educacion Financiera/Cuidar Tu Dinero/Detalle Cuidar Tu Dinero/BD1-00063 - Cómo funciona el seguro de cesantía_v1.0.md
403,gold_full/Educacion Financiera/Cuidar Tu Dinero/Detalle Cuidar Tu Dinero/BD1-00064 - Gastos hormiga y vampiro el impacto de los pequeños gastos en tus finanzas_v1.0.md
376,gold_full/Educacion Financiera/Cuidar Tu Dinero/Detalle Cuidar Tu Dinero/BD1-00065 - Cómo elaborar un presupuesto familiar efectivo_v1.0.md
330,gold_full/Educacion Financiera/Cuidar Tu Dinero/Detalle Cuidar Tu Dinero/BD1-00066 - 5 claves para sobrevivir a las compras navideñas_v1.0.md
350,gold_full/Educacion Financiera/Cuidar Tu Dinero/Detalle Cuidar Tu Dinero/BD1-00067 - La regla 50 30 20 para organizar tus finanzasv1.0.md
358,gold_full/Educacion Financiera/Cuidar Tu Dinero/Detalle Cuidar Tu Dinero/BD1-00068 - Cómo organizar tus gastos de vacaciones sin endeudarte_v1.0.md
271,gold_full/Educacion Financiera/Cuidar Tu Dinero/Detalle Cuidar Tu Dinero/BD1-00069 - Cómo cerrar el año con tus finanzas bajo control_v1.0.md
388,gold_full/Educacion Financiera/Cuidar Tu Dinero/Detalle Cuidar Tu Dinero/BD1-00071 - Cómo mejorar la administración de tus finanzas_v1.0.md
390,gold_full/Educacion Financiera/Cuidar Tu Dinero/Detalle Cuidar Tu Dinero/BD1-00072 - Cómo organizar tus finanzas con la vuelta a clases_v1.0.md
357,gold_full/Educacion Financiera/Cuidar Tu Dinero/Detalle Cuidar Tu Dinero/BD1-00073 - Cómo negociar tus gastos variables y obtener mejores tarifas_v1.0.md
466,gold_full/Educacion Financiera/Cuidar Tu Dinero/Detalle Cuidar Tu Dinero/BD1-00074 - Cómo organizar el dinero en pareja y qué acuerdos legales pueden ayudar_v1.0.md
358,gold_full/Educacion Financiera/Cuidar Tu Dinero/Detalle Cuidar Tu Dinero/BD1-00075 - Feriado largo a la vista cómo evitar que tu bolsillo sufra_v1.0.md
291,gold_full/Educacion Financiera/Cuidar Tu Dinero/Detalle Cuidar Tu Dinero/BD1-00076 - Gastos fijos y variables qué son y cómo mantenerlos bajo control_v1.0.md
463,gold_full/Educacion Financiera/Cuidar Tu Dinero/Detalle Cuidar Tu Dinero/BD1-00077 - Avances en efectivo para qué sirven y cuándo usarlos_v1.0.md
343,gold_full/Educacion Financiera/Cuidar Tu Dinero/Detalle Cuidar Tu Dinero/BD1-00078 - Qué es la Consolidación de Deudas y cuándo podría ayudarte_v1.0.md
400,gold_full/Educacion Financiera/Cuidar Tu Dinero/Detalle Cuidar Tu Dinero/BD1-00079 - Qué es la CAE y por qué es importante al pedir un crédito_v1.0.md
339,gold_full/Educacion Financiera/Cuidar Tu Dinero/Detalle Cuidar Tu Dinero/BD1-00080 - Cuánto cuesta usar la tarjeta de crédito Comisiones y cobros que debes conocer_v1.0.md
317,gold_full/Educacion Financiera/Cuidar Tu Dinero/Detalle Cuidar Tu Dinero/BD1-00081 - Qué es la carga financiera y cómo saber si está en un nivel saludable_v1.0.md
81,gold_full/Educacion Financiera/Diccionario/BD1-00170 - ABONAR EN CUENTA.md
47,gold_full/Educacion Financiera/Diccionario/BD1-00171 - ACCIDENTE.md
22,gold_full/Educacion Financiera/Diccionario/BD1-00172 - ACCIÓN.md
49,gold_full/Educacion Financiera/Diccionario/BD1-00173 - ACTIVIDADES ECONÓMICAS.md
118,gold_full/Educacion Financiera/Diccionario/BD1-00174 - ACTIVO.md
26,gold_full/Educacion Financiera/Diccionario/BD1-00175 - ACTIVO CORRIENTE.md
62,gold_full/Educacion Financiera/Diccionario/BD1-00176 - ACTIVO NO CORRIENTE O INMOVILIZADO.md
213,gold_full/Educacion Financiera/Diccionario/BD1-00177 - AFP.md
169,"gold_full/Educacion Financiera/Diccionario/BD1-00178 - AGENTES ECONÓMICOS (ECONOMÍA, ESCASEZ Y RECURSOS LIMITADOS).md"
172,"gold_full/Educacion Financiera/Diccionario/BD1-00179 - AGENTES ECONÓMICOS (MERCADO, PRODUCCIÓN DE BIENES Y SERVICIOS Y TRABAJO).md"
103,gold_full/Educacion Financiera/Diccionario/BD1-00180 - AGRAVACIÓN DEL RIESGO.md
219,gold_full/Educacion Financiera/Diccionario/BD1-00181 - AHORRO.md
167,gold_full/Educacion Financiera/Diccionario/BD1-00182 - ANÁLISIS DE MERCADO.md
61,gold_full/Educacion Financiera/Diccionario/BD1-00183 - AÑO BASE.md
88,gold_full/Educacion Financiera/Diccionario/BD1-00184 - AÑO COMERCIAL.md
53,gold_full/Educacion Financiera/Diccionario/BD1-00185 - AÑO FISCAL.md
24,gold_full/Educacion Financiera/Diccionario/BD1-00186 - AÑO TRIBUTARIO.md
69,gold_full/Educacion Financiera/Diccionario/BD1-00187 - ANTECEDENTES COMERCIALES Y CREDITICIOS.md
81,gold_full/Educacion Financiera/Diccionario/BD1-00188 - ANUNCIANTE.md
45,"gold_full/Educacion Financiera/Diccionario/BD1-00189 - ARANCEL (MERCADO, PRODUCCIÓN DE BIENES Y SERVICIOS Y TRABAJO).md"
64,gold_full/Educacion Financiera/Diccionario/BD1-00190 - ARANCELES (TRIBUTARIO).md
118,gold_full/Educacion Financiera/Diccionario/BD1-00191 - ARBITRAJE.md
30,gold_full/Educacion Financiera/Diccionario/BD1-00192 - ASEGURABLE.md
30,gold_full/Educacion Financiera/Diccionario/BD1-00193 - ASEGURADO.md
52,gold_full/Educacion Financiera/Diccionario/BD1-00194 - ASEGURADOR.md
128,gold_full/Educacion Financiera/Diccionario/BD1-00195 - ASOCIACIÓN DE CONSUMIDORES.md
87,gold_full/Educacion Financiera/Diccionario/BD1-00196 - AVAL (ENDEUDAMIENTO).md
72,"gold_full/Educacion Financiera/Diccionario/BD1-00197 - AVAL (MERCADO, PRODUCCIÓN DE BIENES Y SERVICIOS Y TRABAJO).md"
68,gold_full/Educacion Financiera/Diccionario/BD1-00198 - AVANCE EN EFECTIVO.md
81,gold_full/Educacion Financiera/Diccionario/BD1-00199 - AVISO O DENUNCIA DE SINIESTRO.md
60,gold_full/Educacion Financiera/Diccionario/BD1-00200 - BALANCE GENERAL.md
76,gold_full/Educacion Financiera/Diccionario/BD1-00201 - BANCA.md
132,gold_full/Educacion Financiera/Diccionario/BD1-00202 - BANCA ONLINE O E – BANKING.md
225,gold_full/Educacion Financiera/Diccionario/BD1-00203 - BANCO.md
236,gold_full/Educacion Financiera/Diccionario/BD1-00204 - BANCO CENTRAL.md
55,gold_full/Educacion Financiera/Diccionario/BD1-00205 - BASE IMPONIBLE.md
61,gold_full/Educacion Financiera/Diccionario/BD1-00206 - BENEFICIARIO.md
91,gold_full/Educacion Financiera/Diccionario/BD1-00207 - BENEFICIO.md
54,gold_full/Educacion Financiera/Diccionario/BD1-00208 - BIEN.md
163,gold_full/Educacion Financiera/Diccionario/BD1-00209 - BIEN ESCASO.md
111,gold_full/Educacion Financiera/Diccionario/BD1-00210 - BIENES COMPLEMENTARIOS.md
174,gold_full/Educacion Financiera/Diccionario/BD1-00211 - BIENES DE CAPITAL.md
114,gold_full/Educacion Financiera/Diccionario/BD1-00212 - BIENES DE CONSUMO.md
66,gold_full/Educacion Financiera/Diccionario/BD1-00213 - BIENES INFERIORES.md
122,gold_full/Educacion Financiera/Diccionario/BD1-00214 - BIENES INMUEBLES.md
43,gold_full/Educacion Financiera/Diccionario/BD1-00215 - BIENES INTERMEDIOS.md
57,gold_full/Educacion Financiera/Diccionario/BD1-00216 - BIENES LIBRES.md
74,gold_full/Educacion Financiera/Diccionario/BD1-00217 - BIENES MUEBLES.md
47,gold_full/Educacion Financiera/Diccionario/BD1-00218 - BIENES NORMALES.md
41,gold_full/Educacion Financiera/Diccionario/BD1-00219 - BIENES PÚBLICOS.md
72,gold_full/Educacion Financiera/Diccionario/BD1-00220 - BIENES SUSTITUTOS.md
97,gold_full/Educacion Financiera/Diccionario/BD1-00221 - BOLETÍN COMERCIAL.md
279,gold_full/Educacion Financiera/Diccionario/BD1-00222 - BOLSA DE VALORES.md
134,gold_full/Educacion Financiera/Diccionario/BD1-00223 - BONOS.md
33,gold_full/Educacion Financiera/Diccionario/BD1-00224 - CAER EN MORA.md
68,gold_full/Educacion Financiera/Diccionario/BD1-00225 - CAJERO AUTOMÁTICO.md
45,gold_full/Educacion Financiera/Diccionario/BD1-00226 - CAPACIDAD DE PAGO.md
115,gold_full/Educacion Financiera/Diccionario/BD1-00227 - CAPITAL.md
73,gold_full/Educacion Financiera/Diccionario/BD1-00228 - CAPITAL SOCIAL.md
32,gold_full/Educacion Financiera/Diccionario/BD1-00229 - CAPITALISMO.md
42,gold_full/Educacion Financiera/Diccionario/BD1-00230 - CARENCIA.md
51,gold_full/Educacion Financiera/Diccionario/BD1-00231 - CARGA ANUAL EQUIVALENTE (CAE).md
40,gold_full/Educacion Financiera/Diccionario/BD1-00232 - CARGOS FIJOS.md
121,gold_full/Educacion Financiera/Diccionario/BD1-00233 - CHEQUE.md
57,gold_full/Educacion Financiera/Diccionario/BD1-00234 - CICLO ECONÓMICO.md
146,gold_full/Educacion Financiera/Diccionario/BD1-00235 - CIRCULANTE.md
34,gold_full/Educacion Financiera/Diccionario/BD1-00236 - CIUDADANÍA CORPORATIVA.md
86,gold_full/Educacion Financiera/Diccionario/BD1-00237 - CLÁUSULA GENERAL.md
71,gold_full/Educacion Financiera/Diccionario/BD1-00238 - CLÁUSULAS ABUSIVAS.md
96,gold_full/Educacion Financiera/Diccionario/BD1-00239 - CLÁUSULAS ADICIONALES.md
221,gold_full/Educacion Financiera/Diccionario/BD1-00240 - CLIENTE.md
83,gold_full/Educacion Financiera/Diccionario/BD1-00241 - COBERTURA.md
115,gold_full/Educacion Financiera/Diccionario/BD1-00242 - COBRANZAS EXTRAJUDICIALES.md
42,gold_full/Educacion Financiera/Diccionario/BD1-00243 - COBRO INDEBIDO.md
68,gold_full/Educacion Financiera/Diccionario/BD1-00244 - COLOCACIÓN.md
65,gold_full/Educacion Financiera/Diccionario/BD1-00245 - COMERCIALIZACIÓN.md
76,gold_full/Educacion Financiera/Diccionario/BD1-00246 - COMERCIO.md
54,gold_full/Educacion Financiera/Diccionario/BD1-00247 - COMISIÓN DE PREPAGO.md
51,gold_full/Educacion Financiera/Diccionario/BD1-00248 - COMISIONES.md
238,gold_full/Educacion Financiera/Diccionario/BD1-00249 - COMPETENCIA.md
111,gold_full/Educacion Financiera/Diccionario/BD1-00250 - COMPETIDOR.md
104,gold_full/Educacion Financiera/Diccionario/BD1-00251 - COMPORTAMIENTO DEL CONSUMIDOR.md
126,gold_full/Educacion Financiera/Diccionario/BD1-00252 - COMPRA.md
96,gold_full/Educacion Financiera/Diccionario/BD1-00253 - CONDICIONES GENERALES.md
91,gold_full/Educacion Financiera/Diccionario/BD1-00254 - CONDICIONES PARTICULARES.md
66,gold_full/Educacion Financiera/Diccionario/BD1-00255 - CONSUMIDOR.md
65,gold_full/Educacion Financiera/Diccionario/BD1-00256 - CONSUMIDORES O USUARIOS.md
69,gold_full/Educacion Financiera/Diccionario/BD1-00257 - CONSUMISMO.md
107,gold_full/Educacion Financiera/Diccionario/BD1-00258 - CONSUMO.md
70,gold_full/Educacion Financiera/Diccionario/BD1-00259 - CONTABILIDAD COMPLETA.md
96,gold_full/Educacion Financiera/Diccionario/BD1-00260 - CONTABILIDAD FIDEDIGNA.md
84,gold_full/Educacion Financiera/Diccionario/BD1-00261 - CONTABILIDAD SIMPLIFICADA.md
122,gold_full/Educacion Financiera/Diccionario/BD1-00262 - CONTRATANTE.md
74,gold_full/Educacion Financiera/Diccionario/BD1-00263 - CONTRATO DE ADHESIÓN.md
106,gold_full/Educacion Financiera/Diccionario/BD1-00264 - CONTRATO DE TRABAJO.md
124,gold_full/Educacion Financiera/Diccionario/BD1-00265 - CONTRIBUCIONES.md
131,gold_full/Educacion Financiera/Diccionario/BD1-00266 - CONTRIBUYENTE.md
142,gold_full/Educacion Financiera/Diccionario/BD1-00267 - CORREDOR DE SEGUROS.md
54,gold_full/Educacion Financiera/Diccionario/BD1-00268 - COSTE DE TRANSACCIÓN.md
91,gold_full/Educacion Financiera/Diccionario/BD1-00269 - COSTO BENEFICIO.md
246,gold_full/Educacion Financiera/Diccionario/BD1-00270 - COSTO.md
233,gold_full/Educacion Financiera/Diccionario/BD1-00271 - COSTO DE OPORTUNIDAD.md
56,gold_full/Educacion Financiera/Diccionario/BD1-00272 - COSTO MARGINAL.md
31,gold_full/Educacion Financiera/Diccionario/BD1-00273 - COSTO MEDIO.md
49,gold_full/Educacion Financiera/Diccionario/BD1-00274 - COSTO TOTAL.md
77,gold_full/Educacion Financiera/Diccionario/BD1-00275 - COSTO TOTAL DEL CRÉDITO (CTC).md
31,gold_full/Educacion Financiera/Diccionario/BD1-00276 - COSTOS DIRECTOS.md
54,gold_full/Educacion Financiera/Diccionario/BD1-00277 - COSTOS FIJO.md
90,gold_full/Educacion Financiera/Diccionario/BD1-00278 - COSTOS INDIRECTOS.md
44,gold_full/Educacion Financiera/Diccionario/BD1-00279 - COSTOS VARIABLES.md
85,gold_full/Educacion Financiera/Diccionario/BD1-00280 - COTIZAR.md
243,gold_full/Educacion Financiera/Diccionario/BD1-00281 - CRÉDITO.md
82,gold_full/Educacion Financiera/Diccionario/BD1-00282 - CRÉDITO DE CONSUMO.md
133,gold_full/Educacion Financiera/Diccionario/BD1-00283 - CRÉDITO HIPOTECARIO.md
76,gold_full/Educacion Financiera/Diccionario/BD1-00284 - CRÉDITO PREAPROBADO.md
221,gold_full/Educacion Financiera/Diccionario/BD1-00285 - CUENTA CORRIENTE.md
199,gold_full/Educacion Financiera/Diccionario/BD1-00286 - CUENTA DE AHORRO.md
35,gold_full/Educacion Financiera/Diccionario/BD1-00287 - DAÑO PATRIMONIAL.md
107,gold_full/Educacion Financiera/Diccionario/BD1-00288 - DECLARACIÓN DE RENTA.md
98,gold_full/Educacion Financiera/Diccionario/BD1-00289 - DECLARACIÓN PERSONAL DE SALUD.md
59,gold_full/Educacion Financiera/Diccionario/BD1-00290 - DEDUCIBLE.md
130,gold_full/Educacion Financiera/Diccionario/BD1-00291 - DEMANDA.md
64,gold_full/Educacion Financiera/Diccionario/BD1-00292 - DEMANDA LABORAL.md
174,gold_full/Educacion Financiera/Diccionario/BD1-00293 - DEPÓSITO.md
121,gold_full/Educacion Financiera/Diccionario/BD1-00294 - DEPÓSITO A PLAZO.md
83,gold_full/Educacion Financiera/Diccionario/BD1-00295 - DEPRECIACIÓN.md
152,gold_full/Educacion Financiera/Diccionario/BD1-00296 - DERECHOS DEL CONSUMIDOR.md
74,gold_full/Educacion Financiera/Diccionario/BD1-00297 - DESEMPLEO.md
110,gold_full/Educacion Financiera/Diccionario/BD1-00298 - DESEMPLEO ESTACIONAL.md
92,gold_full/Educacion Financiera/Diccionario/BD1-00299 - DESEMPLEO TECNOLÓGICO.md
30,gold_full/Educacion Financiera/Diccionario/BD1-00300 - DESGRAVAR.md
117,gold_full/Educacion Financiera/Diccionario/BD1-00301 - DEUDA.md
49,gold_full/Educacion Financiera/Diccionario/BD1-00302 - DEUDOR RESPONSABLE.md
86,gold_full/Educacion Financiera/Diccionario/BD1-00303 - DICOM.md
120,gold_full/Educacion Financiera/Diccionario/BD1-00304 - DINERO.md
81,gold_full/Educacion Financiera/Diccionario/BD1-00305 - DINERO FIDUCIARIO.md
66,gold_full/Educacion Financiera/Diccionario/BD1-00306 - DINERO MERCANCÍA.md
97,gold_full/Educacion Financiera/Diccionario/BD1-00307 - DIVISA.md
167,gold_full/Educacion Financiera/Diccionario/BD1-00308 - DIVISIÓN DE TRABAJO.md
101,gold_full/Educacion Financiera/Diccionario/BD1-00309 - DÓLAR ACUERDO.md
36,gold_full/Educacion Financiera/Diccionario/BD1-00310 - DÓLAR INFORMAL.md
53,gold_full/Educacion Financiera/Diccionario/BD1-00311 - DÓLAR OBSERVADO.md
102,gold_full/Educacion Financiera/Diccionario/BD1-00312 - ECONOMÍA.md
125,gold_full/Educacion Financiera/Diccionario/BD1-00313 - ECONOMÍA DE MERCADO.md
74,gold_full/Educacion Financiera/Diccionario/BD1-00314 - EFECTIVO.md
54,gold_full/Educacion Financiera/Diccionario/BD1-00315 - EFICIENCIA.md
71,gold_full/Educacion Financiera/Diccionario/BD1-00316 - EMBARGO.md
139,gold_full/Educacion Financiera/Diccionario/BD1-00317 - EMISIÓN.md
43,gold_full/Educacion Financiera/Diccionario/BD1-00318 - EMPLEADOR.md
105,gold_full/Educacion Financiera/Diccionario/BD1-00319 - EMPLEO.md
153,gold_full/Educacion Financiera/Diccionario/BD1-00320 - EMPRENDEDOR.md
128,gold_full/Educacion Financiera/Diccionario/BD1-00321 - EMPRESA.md
85,gold_full/Educacion Financiera/Diccionario/BD1-00322 - EMPRESARIO.md
52,gold_full/Educacion Financiera/Diccionario/BD1-00323 - EMPRESAS DE COBRANZA.md
105,gold_full/Educacion Financiera/Diccionario/BD1-00324 - ENCAJE.md
50,gold_full/Educacion Financiera/Diccionario/BD1-00325 - ENDEUDAMIENTO.md
44,gold_full/Educacion Financiera/Diccionario/BD1-00326 - ENDEUDAMIENTO RESPONSABLE.md
31,gold_full/Educacion Financiera/Diccionario/BD1-00327 - ENDOSO.md
77,gold_full/Educacion Financiera/Diccionario/BD1-00328 - ENTIDAD FINANCIERA.md
113,gold_full/Educacion Financiera/Diccionario/BD1-00329 - EQUILIBRIO.md
121,gold_full/Educacion Financiera/Diccionario/BD1-00330 - ESCALA ECONÓMICA.md
124,gold_full/Educacion Financiera/Diccionario/BD1-00331 - ESCASEZ.md
37,gold_full/Educacion Financiera/Diccionario/BD1-00332 - ESPECULACIÓN.md
220,gold_full/Educacion Financiera/Diccionario/BD1-00333 - ESTADO.md
82,gold_full/Educacion Financiera/Diccionario/BD1-00334 - ESTADO DE CUENTA.md
43,gold_full/Educacion Financiera/Diccionario/BD1-00335 - ESTADO DE FLUJO DE EFECTIVO.md
34,gold_full/Educacion Financiera/Diccionario/BD1-00336 - ESTADO DE RESULTADO.md
39,gold_full/Educacion Financiera/Diccionario/BD1-00337 - EXCLUSIÓN.md
39,gold_full/Educacion Financiera/Diccionario/BD1-00338 - EXPORTACIONES.md
135,gold_full/Educacion Financiera/Diccionario/BD1-00339 - FACTORES DE PRODUCCIÓN.md
102,gold_full/Educacion Financiera/Diccionario/BD1-00340 - FACTORING.md
112,gold_full/Educacion Financiera/Diccionario/BD1-00341 - FECHA DE PAGO O VENCIMIENTO.md
54,gold_full/Educacion Financiera/Diccionario/BD1-00342 - FOLIO.md
133,gold_full/Educacion Financiera/Diccionario/BD1-00343 - FONDO DE GARANTÍA DE DEPÓSITOS BANCARIOS.md
356,gold_full/Educacion Financiera/Diccionario/BD1-00344 - FONDO DE PENSIÓN.md
133,gold_full/Educacion Financiera/Diccionario/BD1-00345 - FONDOS MUTUOS.md
100,gold_full/Educacion Financiera/Diccionario/BD1-00346 - GANANCIA.md
69,gold_full/Educacion Financiera/Diccionario/BD1-00347 - GARANTÍA HIPOTECARIA.md
84,gold_full/Educacion Financiera/Diccionario/BD1-00348 - GASTOS ASOCIADOS.md
136,gold_full/Educacion Financiera/Diccionario/BD1-00349 - GASTOS DE COBRANZA.md
131,gold_full/Educacion Financiera/Diccionario/BD1-00350 - GIRO.md
47,gold_full/Educacion Financiera/Diccionario/BD1-00351 - GRAVAMEN.md
90,gold_full/Educacion Financiera/Diccionario/BD1-00352 - HACIENDA PÚBLICA.md
85,gold_full/Educacion Financiera/Diccionario/BD1-00353 - HIPOTECA.md
100,gold_full/Educacion Financiera/Diccionario/BD1-00354 - HOLDING.md
50,gold_full/Educacion Financiera/Diccionario/BD1-00355 - IMPORTACIONES.md
141,gold_full/Educacion Financiera/Diccionario/BD1-00356 - IMPUESTO A LA RENTA DE PRIMERA CATEGORÍA.md
155,gold_full/Educacion Financiera/Diccionario/BD1-00357 - IMPUESTO ADICIONAL.md
152,gold_full/Educacion Financiera/Diccionario/BD1-00358 - IMPUESTO GLOBAL COMPLEMENTARIO.md
175,gold_full/Educacion Financiera/Diccionario/BD1-00359 - IMPUESTO ÚNICO DE SEGUNDA CATEGORÍA.md
117,gold_full/Educacion Financiera/Diccionario/BD1-00360 - IMPUESTOS.md
88,gold_full/Educacion Financiera/Diccionario/BD1-00361 - IMPUESTOS DIRECTOS.md
176,gold_full/Educacion Financiera/Diccionario/BD1-00362 - IMPUESTOS INDIRECTOS.md
52,gold_full/Educacion Financiera/Diccionario/BD1-00363 - INDEMNIZACIÓN.md
171,gold_full/Educacion Financiera/Diccionario/BD1-00364 - INDICADOR MENSUAL DE ACTIVIDAD ECONÓMICA (IMACEC).md
88,gold_full/Educacion Financiera/Diccionario/BD1-00365 - INDUSTRIA.md
283,gold_full/Educacion Financiera/Diccionario/BD1-00366 - INFLACIÓN.md
147,gold_full/Educacion Financiera/Diccionario/BD1-00367 - INFORMACIÓN BÁSICA COMERCIAL.md
86,gold_full/Educacion Financiera/Diccionario/BD1-00368 - INFORME DE LIQUIDACIÓN.md
132,gold_full/Educacion Financiera/Diccionario/BD1-00369 - INGRESOS FISCALES.md
64,gold_full/Educacion Financiera/Diccionario/BD1-00370 - INNOVACIÓN.md
46,gold_full/Educacion Financiera/Diccionario/BD1-00371 - INSUMO.md
88,gold_full/Educacion Financiera/Diccionario/BD1-00372 - INTERCAMBIO.md
135,gold_full/Educacion Financiera/Diccionario/BD1-00373 - INTERÉS.md
56,gold_full/Educacion Financiera/Diccionario/BD1-00374 - INTERÉS ASEGURABLE.md
45,gold_full/Educacion Financiera/Diccionario/BD1-00375 - INTERMEDIARIO.md
140,gold_full/Educacion Financiera/Diccionario/BD1-00376 - INVERSIÓN.md
126,gold_full/Educacion Financiera/Diccionario/BD1-00377 - INVESTIGACIÓN DE MERCADO.md
108,gold_full/Educacion Financiera/Diccionario/BD1-00378 - IVA IMPUESTO AL VALOR AGREGADO.md
98,gold_full/Educacion Financiera/Diccionario/BD1-00379 - JUBILACIÓN.md
72,gold_full/Educacion Financiera/Diccionario/BD1-00380 - LEASING.md
84,gold_full/Educacion Financiera/Diccionario/BD1-00381 - LETRAS HIPOTECARIAS.md
75,gold_full/Educacion Financiera/Diccionario/BD1-00382 - LEY DE LA DEMANDA.md
80,gold_full/Educacion Financiera/Diccionario/BD1-00383 - LEY DE LA OFERTA.md
188,gold_full/Educacion Financiera/Diccionario/BD1-00384 - LEY DE PROTECCIÓN AL CONSUMIDOR.md
134,gold_full/Educacion Financiera/Diccionario/BD1-00385 - LEYES LABORALES.md
90,gold_full/Educacion Financiera/Diccionario/BD1-00386 - LEYES PREVISIONALES.md
65,gold_full/Educacion Financiera/Diccionario/BD1-00387 - LÍNEA DE CRÉDITO.md
76,gold_full/Educacion Financiera/Diccionario/BD1-00388 - LIQUIDACIÓN DE SINIESTRO.md
121,gold_full/Educacion Financiera/Diccionario/BD1-00389 - LIQUIDADOR DE SINIESTROS.md
80,gold_full/Educacion Financiera/Diccionario/BD1-00390 - MACROECONOMÍA.md
65,gold_full/Educacion Financiera/Diccionario/BD1-00391 - MANO DE OBRA.md
40,gold_full/Educacion Financiera/Diccionario/BD1-00392 - MANO DE OBRA CALIFICADA.md
54,gold_full/Educacion Financiera/Diccionario/BD1-00393 - MARKETING.md
80,gold_full/Educacion Financiera/Diccionario/BD1-00394 -MAXIMIZAR BENEFICIOS.md
172,gold_full/Educacion Financiera/Diccionario/BD1-00395 - MERCADO.md
54,gold_full/Educacion Financiera/Diccionario/BD1-00396 - MERCADO BURSÁTIL.md
41,gold_full/Educacion Financiera/Diccionario/BD1-00397 - MERCADO DE BIENES Y SERVICIOS.md
57,gold_full/Educacion Financiera/Diccionario/BD1-00398 - MERCADO DE FACTORES.md
106,gold_full/Educacion Financiera/Diccionario/BD1-00399 - MERCADO DE TRABAJO.md
65,gold_full/Educacion Financiera/Diccionario/BD1-00400 - MERCADO FINANCIERO.md
146,gold_full/Educacion Financiera/Diccionario/BD1-00401 - MERCADO NEGRO.md
108,gold_full/Educacion Financiera/Diccionario/BD1-00402 - MICROECONOMÍA.md
129,gold_full/Educacion Financiera/Diccionario/BD1-00403 - MINIMIZAR COSTOS.md
81,gold_full/Educacion Financiera/Diccionario/BD1-00404 - MONEDA.md
107,gold_full/Educacion Financiera/Diccionario/BD1-00405 - MONTO ASEGURADO.md
109,gold_full/Educacion Financiera/Diccionario/BD1-00406 - NECESIDAD.md
116,gold_full/Educacion Financiera/Diccionario/BD1-00407 - NEOLIBERALISMO.md
114,gold_full/Educacion Financiera/Diccionario/BD1-00408 - OFERTA.md
49,gold_full/Educacion Financiera/Diccionario/BD1-00409 - OFERTA COMERCIAL.md
52,gold_full/Educacion Financiera/Diccionario/BD1-00410 - OFERTA LABORAL.md
163,gold_full/Educacion Financiera/Diccionario/BD1-00411 - OPORTUNIDADES.md
77,gold_full/Educacion Financiera/Diccionario/BD1-00412 - PAGO AUTOMÁTICO.md
113,gold_full/Educacion Financiera/Diccionario/BD1-00413 - PAGO MÍNIMO.md
19,gold_full/Educacion Financiera/Diccionario/BD1-00414 - PASIVO.md
32,gold_full/Educacion Financiera/Diccionario/BD1-00415 - PÉRDIDA.md
70,gold_full/Educacion Financiera/Diccionario/BD1-00416 - PÉRDIDA TOTAL.md
58,gold_full/Educacion Financiera/Diccionario/BD1-00417 - PERIODO ACTIVO MÍNIMO.md
80,gold_full/Educacion Financiera/Diccionario/BD1-00418 - PERÍODO DE GRACIA.md
64,gold_full/Educacion Financiera/Diccionario/BD1-00419 - PERÍODO DE NO PAGO.md
76,gold_full/Educacion Financiera/Diccionario/BD1-00420 - PLAZO DE GRACIA.md
95,gold_full/Educacion Financiera/Diccionario/BD1-00421 - POBLACIÓN DESEMPLEADA.md
52,gold_full/Educacion Financiera/Diccionario/BD1-00422 - PÓLIZA.md
80,gold_full/Educacion Financiera/Diccionario/BD1-00423 - PRECIOS.md
265,gold_full/Educacion Financiera/Diccionario/BD1-00424 - PRESCRIPCIÓN DE LA DEUDA.md
302,gold_full/Educacion Financiera/Diccionario/BD1-00425 - PRÉSTAMO.md
74,gold_full/Educacion Financiera/Diccionario/BD1-00426 - PRESUPUESTO.md
29,gold_full/Educacion Financiera/Diccionario/BD1-00427 - PRIMA.md
98,gold_full/Educacion Financiera/Diccionario/BD1-00428 - PRODUCCIÓN.md
125,gold_full/Educacion Financiera/Diccionario/BD1-00429 - PRODUCTO INTERNO BRUTO (PIB).md
99,gold_full/Educacion Financiera/Diccionario/BD1-00430 - PRODUCTOS.md
72,gold_full/Educacion Financiera/Diccionario/BD1-00431 - PROMOCIONES.md
74,gold_full/Educacion Financiera/Diccionario/BD1-00432 - PROVEEDORES.md
86,gold_full/Educacion Financiera/Diccionario/BD1-00433 - PUBLICIDAD.md
153,gold_full/Educacion Financiera/Diccionario/BD1-00434 - QUIEBRA.md
55,gold_full/Educacion Financiera/Diccionario/BD1-00435 - RAMA DE ACTIVIDAD ECONÓMICA.md
36,gold_full/Educacion Financiera/Diccionario/BD1-00436 - REAJUSTABILIDAD.md
75,gold_full/Educacion Financiera/Diccionario/BD1-00437 - RECURSOS.md
203,gold_full/Educacion Financiera/Diccionario/BD1-00438 - RECURSOS HUMANOS.md
119,gold_full/Educacion Financiera/Diccionario/BD1-00439 - RECURSOS NATURALES.md
100,gold_full/Educacion Financiera/Diccionario/BD1-00440 - REGISTRO DE PÓLIZAS.md
167,gold_full/Educacion Financiera/Diccionario/BD1-00441 - REGLA PROPORCIONAL O PRORRATEO.md
51,gold_full/Educacion Financiera/Diccionario/BD1-00442 - RENOVACIÓN AUTOMÁTICA.md
288,gold_full/Educacion Financiera/Diccionario/BD1-00443 - RENTA.md
173,gold_full/Educacion Financiera/Diccionario/BD1-00444 - RENTA FIJA.md
158,gold_full/Educacion Financiera/Diccionario/BD1-00445 - RENTA TEMPORAL CON RENTA VITALICIA DIFERIDA.md
205,gold_full/Educacion Financiera/Diccionario/BD1-00446 - RENTA VARIABLE.md
254,gold_full/Educacion Financiera/Diccionario/BD1-00447 - RENTA VITALICIA.md
103,gold_full/Educacion Financiera/Diccionario/BD1-00448 - RENTABILIDAD FINANCIERA (ROE).md
81,gold_full/Educacion Financiera/Diccionario/BD1-00449 - REPACTACIÓN UNILATERAL.md
70,gold_full/Educacion Financiera/Diccionario/BD1-00450 - RETAIL.md
259,gold_full/Educacion Financiera/Diccionario/BD1-00451 - RETIRO PROGRAMADO.md
50,gold_full/Educacion Financiera/Diccionario/BD1-00452 - RIESGO.md
27,gold_full/Educacion Financiera/Diccionario/BD1-00453 - RIESGOS INASEGURABLES.md
200,gold_full/Educacion Financiera/Diccionario/BD1-00454 - RIQUEZA.md
105,gold_full/Educacion Financiera/Diccionario/BD1-00455 - SALARIO.md
44,gold_full/Educacion Financiera/Diccionario/BD1-00456 - SECTOR PRIMARIO.md
65,gold_full/Educacion Financiera/Diccionario/BD1-00457 - SECTOR PRIVADO.md
59,gold_full/Educacion Financiera/Diccionario/BD1-00458 - SECTOR PÚBLICO.md
55,gold_full/Educacion Financiera/Diccionario/BD1-00459 - SECTOR SECUNDARIO.md
45,gold_full/Educacion Financiera/Diccionario/BD1-00460 - SECTOR TERCIARIO.md
75,gold_full/Educacion Financiera/Diccionario/BD1-00461 - SECTORES PRODUCTIVOS.md
151,gold_full/Educacion Financiera/Diccionario/BD1-00462 - SEGURIDAD LABORAL.md
145,gold_full/Educacion Financiera/Diccionario/BD1-00463 - SEGURO.md
58,gold_full/Educacion Financiera/Diccionario/BD1-00464 - SEGURO A PRIMA PERDIDA.md
96,gold_full/Educacion Financiera/Diccionario/BD1-00465 - SEGURO ASOCIADOS A CRÉDITOS.md
69,gold_full/Educacion Financiera/Diccionario/BD1-00466 - SEGURO DE CESANTÍA.md
192,gold_full/Educacion Financiera/Diccionario/BD1-00467 - SEGUROS.md
62,gold_full/Educacion Financiera/Diccionario/BD1-00468 - SEGUROS COLECTIVOS.md
50,gold_full/Educacion Financiera/Diccionario/BD1-00469 - SERVICIO.md
135,gold_full/Educacion Financiera/Diccionario/BD1-00470 - SERVICIO DE IMPUESTOS INTERNOS (SII).md
100,gold_full/Educacion Financiera/Diccionario/BD1-00471 - SERVICIOS.md
109,gold_full/Educacion Financiera/Diccionario/BD1-00472 - SINDICATO.md
84,gold_full/Educacion Financiera/Diccionario/BD1-00473 - SINIESTRALIDAD.md
35,gold_full/Educacion Financiera/Diccionario/BD1-00474 - SINIESTRO.md
64,gold_full/Educacion Financiera/Diccionario/BD1-00475 - SISTEMA BANCARIO.md
153,gold_full/Educacion Financiera/Diccionario/BD1-00476 - SISTEMA FINANCIERO.md
76,gold_full/Educacion Financiera/Diccionario/BD1-00477 - SOBREENDEUDAMIENTO.md
50,gold_full/Educacion Financiera/Diccionario/BD1-00478 - SOBREPRIMA.md
68,gold_full/Educacion Financiera/Diccionario/BD1-00479 - SOBRESEGURO.md
49,gold_full/Educacion Financiera/Diccionario/BD1-00480 - SPREAD.md
222,gold_full/Educacion Financiera/Diccionario/BD1-00481 - SUBSIDIO.md
66,gold_full/Educacion Financiera/Diccionario/BD1-00482 - SUELDO MÍNIMO.md
114,gold_full/Educacion Financiera/Diccionario/BD1-00483 - SUPERINTENDENCIA DE BANCOS E INSTITUCIONES FINANCIERAS DE CHILE.md
65,gold_full/Educacion Financiera/Diccionario/BD1-00484 - SVS.md
42,gold_full/Educacion Financiera/Diccionario/BD1-00485 - TARIFA.md
199,gold_full/Educacion Financiera/Diccionario/BD1-00486 - TARJETA DE CRÉDITO BANCARIA.md
143,gold_full/Educacion Financiera/Diccionario/BD1-00487 - TARJETA DE CRÉDITO COMERCIAL.md
105,gold_full/Educacion Financiera/Diccionario/BD1-00488 - TASA DE INTERÉS.md
162,gold_full/Educacion Financiera/Diccionario/BD1-00489 - TASA DE INTERÉS CORRIENTE.md
59,gold_full/Educacion Financiera/Diccionario/BD1-00490 - TASA DE INTERÉS DE CAPTACIÓN.md
54,gold_full/Educacion Financiera/Diccionario/BD1-00491 - TASA DE INTERÉS DE COLOCACIÓN.md
92,gold_full/Educacion Financiera/Diccionario/BD1-00492 - TASA DE INTERÉS MÁXIMA CONVENCIONAL.md
76,gold_full/Educacion Financiera/Diccionario/BD1-00493 - TASA DE INTERÉS MORATORIA.md
161,gold_full/Educacion Financiera/Diccionario/BD1-00494 - TASA LIBRE DE RIESGO.md
76,gold_full/Educacion Financiera/Diccionario/BD1-00495 - TECNOLOGÍA.md
60,gold_full/Educacion Financiera/Diccionario/BD1-00496 - TERMINACIÓN DEL SEGURO.md
114,gold_full/Educacion Financiera/Diccionario/BD1-00497 - TIERRA.md
118,gold_full/Educacion Financiera/Diccionario/BD1-00498 - TIPO DE CAMBIO.md
247,gold_full/Educacion Financiera/Diccionario/BD1-00499 - TOMA DE DECISIONES.md
40,gold_full/Educacion Financiera/Diccionario/BD1-00500 - TRABAJO.md
63,gold_full/Educacion Financiera/Diccionario/BD1-00501 - TRANSACCIÓN.md
110,gold_full/Educacion Financiera/Diccionario/BD1-00502 - TRUQUE.md
58,gold_full/Educacion Financiera/Diccionario/BD1-00503 - UNIDAD TRIBUTARIA ANUAL (UTA).md
73,gold_full/Educacion Financiera/Diccionario/BD1-00504 - UNIDAD TRIBUTARIA MENSUAL (UTM).md
101,gold_full/Educacion Financiera/Diccionario/BD1-00505 - UTILIDAD.md
125,gold_full/Educacion Financiera/Diccionario/BD1-00506 - VALOR AGREGADO.md
73,gold_full/Educacion Financiera/Diccionario/BD1-00507 - VALOR DE CAMBIO.md
60,gold_full/Educacion Financiera/Diccionario/BD1-00508 - VALOR DE LA CUOTA.md
87,gold_full/Educacion Financiera/Diccionario/BD1-00509 - VALOR NETO.md
157,gold_full/Educacion Financiera/Diccionario/BD1-00510 - VALORES GARANTIZADOS.md
100,gold_full/Educacion Financiera/Diccionario/BD1-00511 - VENTA.md
59,gold_full/Educacion Financiera/Diccionario/BD1-00512 - VIGENCIA DEL SEGURO.md
51,gold_full/Educacion Financiera/Preguntas Frecuentes/Acciones/BD1-00027 - Cuándo puedo vender las acciones_v1.0.md
93,gold_full/Educacion Financiera/Preguntas Frecuentes/Acciones/BD1-00028 - Tienen intereses las acciones_v1.0.md
58,gold_full/Educacion Financiera/Preguntas Frecuentes/Acciones/BD1-00029 - Son reajustables las acciones_v1.0.md
65,gold_full/Educacion Financiera/Preguntas Frecuentes/Acciones/BD1-00030 - Qué es el valor bolsa de una acción_v1.0.md
34,gold_full/Educacion Financiera/Preguntas Frecuentes/Acciones/BD1-00031 - Cuánto duran las acciones_v1.0.md
122,gold_full/Educacion Financiera/Preguntas Frecuentes/Acciones/BD1-00032 - Por qué quisiera tener acciones_v1.0.md
174,gold_full/Educacion Financiera/Preguntas Frecuentes/Crédito/BD1-00001- Qué es el certificado de antecedentes comerciales_v1.0.md
137,gold_full/Educacion Financiera/Preguntas Frecuentes/Crédito/BD1-00002 - Cuándo deja de estar publicado en protesto en el boletín comercial_v1.0.md
91,gold_full/Educacion Financiera/Preguntas Frecuentes/Crédito/BD1-00003 - Qué costo tiene realizar una aclaración_v1.0.md
152,gold_full/Educacion Financiera/Preguntas Frecuentes/Crédito/BD1-00004 - Qué es la aclaración de un protesto o cuota morosa publicado en el boletín comercial_v1.0.md
235,gold_full/Educacion Financiera/Preguntas Frecuentes/Crédito/BD1-00005 - Qué es el boletín comercial_v1.0.md
198,gold_full/Educacion Financiera/Preguntas Frecuentes/Crédito/BD1-00006 - Qué importancia tienen los antecedentes comerciales y crediticios_v1.0.md
109,gold_full/Educacion Financiera/Preguntas Frecuentes/Crédito/BD1-00007 - Cuándo conviene contratar meses de gracia_v1.0.md
115,gold_full/Educacion Financiera/Preguntas Frecuentes/Crédito/BD1-00008 - Es posible pagar anticipadamente un crédito hipotecario_v1.0.md
69,gold_full/Educacion Financiera/Preguntas Frecuentes/Fondo_Mutuo/BD1-00018 - Qué es un fondo mutuo_v1.0.md
143,gold_full/Educacion Financiera/Preguntas Frecuentes/Fondo_Mutuo/BD1-00019 - Qué ventajas tiene invertir en un fondo mutuo_v1.0.md
26,gold_full/Educacion Financiera/Preguntas Frecuentes/Fondo_Mutuo/BD1-00020 - Qué es un partícipe_v1.0.md
98,gold_full/Educacion Financiera/Preguntas Frecuentes/Fondo_Mutuo/BD1-00021 - Qué son las series_v1.0.md
163,gold_full/Educacion Financiera/Preguntas Frecuentes/Fondo_Mutuo/BD1-00022 - Qué son las cuotas y los valores cuotas_v1.0.md
78,gold_full/Educacion Financiera/Preguntas Frecuentes/Fondo_Mutuo/BD1-00023 - Qué es la cartera de inversiones de un fondo mutuo_v1.0.md
151,gold_full/Educacion Financiera/Preguntas Frecuentes/Fondo_Mutuo/BD1-00024 - Cómo saber en que fondo mutuo invertir_v1.0.md
127,gold_full/Educacion Financiera/Preguntas Frecuentes/Fondo_Mutuo/BD1-00025 - Hay costos asociados a las inversiones en fondos mutuos_v1.0.md
104,gold_full/Educacion Financiera/Preguntas Frecuentes/Fondo_Mutuo/BD1-00026 - Todos los fondos mutuos tienen el mismo riesgo_v1.0.md
87,gold_full/Educacion Financiera/Preguntas Frecuentes/Otras/BD1-00009 - Para qué te sirve la educación financiera_v1.0.md
52,gold_full/Educacion Financiera/Preguntas Frecuentes/Otras/BD1-00010 - Dónde puedo pagar mis impuestos_v1.0.md
66,gold_full/Educacion Financiera/Preguntas Frecuentes/Seguros/BD1-00011 - Qué hacer si la vivienda no tiene seguro de sismo_v1.0.md
313,gold_full/Educacion Financiera/Preguntas Frecuentes/Seguros/BD1-00012 - Cómo cobrar el seguro de sismo y qué plazo tiene para denunciar el siniestro_v1.0.md
108,gold_full/Educacion Financiera/Preguntas Frecuentes/Seguros/BD1-00013 - Están los bancos y entidades crediticias obligadas a contratar seguros de sismo para las viviendas hipotecadas_v1.0.md
159,gold_full/Educacion Financiera/Preguntas Frecuentes/Seguros/BD1-00014 - En caso que el seguro de incendio contratado por mi banco o entidad de crédito no cuente con cobertura de sismo_v1.0.md
153,gold_full/Educacion Financiera/Preguntas Frecuentes/Seguros/BD1-00015 - Cuál es la situación de los seguros por sismo tratándose de comunidades de edificios o departamentos_v1.0.md
190,gold_full/Educacion Financiera/Preguntas Frecuentes/Seguros/BD1-00016 - Cubre el seguro de sismo los bienes muebles_v1.0.md
71,gold_full/Educacion Financiera/Preguntas Frecuentes/Seguros/BD1-00017 - Cuál es el plazo para recibir el pago de la indemnización_v1.0.md
339,gold_full/Educacion Financiera/Quiero Ahorrar/Detalle Quiero Ahorrar/BD1-00082 - Cuentas en invierno cómo evitar que se dispare tu gasto mensual_v1.0.md
369,gold_full/Educacion Financiera/Quiero Ahorrar/Detalle Quiero Ahorrar/BD1-00083 - Cómo ahorrar durante el invierno sin pasar frío_v1.0.md
507,gold_full/Educacion Financiera/Quiero Ahorrar/Detalle Quiero Ahorrar/BD1-00084 - Cómo hacer para ahorrar si tienes deudas_v1.0.md
369,gold_full/Educacion Financiera/Quiero Ahorrar/Detalle Quiero Ahorrar/BD1-00085 - Cómo ahorrar si tengo ingresos irregulares_v1.0.md
276,gold_full/Educacion Financiera/Quiero Ahorrar/Detalle Quiero Ahorrar/BD1-00086 - Renta fija y variable cuál es la mejor opción para tu primer ahorro_v1.0.md
422,gold_full/Educacion Financiera/Quiero Ahorrar/Detalle Quiero Ahorrar/BD1-00087 - Tuviste un ingreso extra 5 consejos para no gastarlo todo de una_v1.0.md
427,gold_full/Educacion Financiera/Quiero Ahorrar/Detalle Quiero Ahorrar/BD1-00088 - 4 ideas para ahorrar en contextos financieros complicados_v1.0.md
415,gold_full/Educacion Financiera/Quiero Ahorrar/Detalle Quiero Ahorrar/BD1-00089 - Cómo iniciar un fondo de emergencia sin grandes ingresos_v1.0.md
392,gold_full/Educacion Financiera/Quiero Ahorrar/Detalle Quiero Ahorrar/BD1-00090 - Ahorro en pareja estrategias para gastar menos y cumplir metas juntos_v1.0.md
408,gold_full/Educacion Financiera/Quiero Ahorrar/Detalle Quiero Ahorrar/BD1-00091 - 4 claves para hacer rendir más tu sueldo_v1.0.md
330,gold_full/Educacion Financiera/Quiero Ahorrar/Detalle Quiero Ahorrar/BD1-00092 - 3 pasos básicos para ahorrar al regreso de vacaciones_v1.0.md
381,gold_full/Educacion Financiera/Quiero Ahorrar/Detalle Quiero Ahorrar/BD1-00093 - Tips para que tus vacaciones no desarmen tu bolsillo_v1.0.md
414,gold_full/Educacion Financiera/Quiero Ahorrar/Detalle Quiero Ahorrar/BD1-00094 - 3 recomendaciones financieras para comenzar el 2025 con el pie derecho_v1.0.md
369,gold_full/Educacion Financiera/Quiero Ahorrar/Detalle Quiero Ahorrar/BD1-00095 - Ahorrar vs invertir cuál es la diferencia y qué opción es mejor para empezar el año_v1.0.md
322,gold_full/Educacion Financiera/Quiero Ahorrar/Detalle Quiero Ahorrar/BD1-00096 - 4 pasos para finalizar el año con tus finanzas organizadas y proyectar el 2025_v1.0.md
351,gold_full/Educacion Financiera/Quiero Ahorrar/Detalle Quiero Ahorrar/BD1-00097 - 5 ideas para regalar en Navidad sin gastar una fortuna_v1.0.md
264,gold_full/Educacion Financiera/Quiero Ahorrar/Detalle Quiero Ahorrar/BD1-00098 - La diferencia entre ahorro y colchón financiero cuál es más importante_v1.0.md
414,gold_full/Educacion Financiera/Quiero Ahorrar/Detalle Quiero Ahorrar/BD1-00099 - 3 pasos para comenzar a salir de las deudas sin complicarte en el intento_v1.0.md
394,gold_full/Educacion Financiera/Quiero Ahorrar/Detalle Quiero Ahorrar/BD1-00100 - 5 errores comunes que afectan directamente tus ahorros_v1.0.md
371,gold_full/Educacion Financiera/Quiero Ahorrar/Detalle Quiero Ahorrar/BD1-00101 - Ahorro automático la clave para alcanzar tus metas financieras_v1.0.md
100,gold_full/Fabrica Curse/Preguntas Frecuentes/BD1-00141 - Qué es calificacion energetica y en qué consiste.md
52,gold_full/Fabrica Curse/Preguntas Frecuentes/BD1-00142 - Qué es la carta de resguardo y en qué consiste.md
69,gold_full/Fabrica Curse/Preguntas Frecuentes/BD1-00143 - Qué es la cartola de gastos operacionales.md
59,gold_full/Fabrica Curse/Preguntas Frecuentes/BD1-00144 - Qué es el certificado de pension de alimento y donde se obtiene.md
28,gold_full/Fabrica Curse/Preguntas Frecuentes/BD1-00145 - Qué es el desembolso del credito.md
160,gold_full/Fabrica Curse/Preguntas Frecuentes/BD1-00146 - En qué consisten y cuáles son los documentos sernac.md
85,gold_full/Fabrica Curse/Preguntas Frecuentes/BD1-00147 - En qué consiste el documento hoja resumen del contrato.md
56,gold_full/Fabrica Curse/Preguntas Frecuentes/BD1-00148 - En qué consiste el documento cotización y quien lo emite.md
98,gold_full/Fabrica Curse/Preguntas Frecuentes/BD1-00149 - Cuál es la fuente del documento Certificado de Hipotecas y Gravámenes y cuál es su descripción.md
49,gold_full/Fabrica Curse/Preguntas Frecuentes/BD1-00150 - Qué es el anexo de productos y servicios y que incluye.md
75,gold_full/Fabrica Curse/Preguntas Frecuentes/BD1-00151 - En dónde puedo obtener el Certificado de Unión Civil y que contiene.md
115,gold_full/Fabrica Curse/Preguntas Frecuentes/BD1-00152 - En dónde puedo obtener el Certificado de Matrimonio y que contiene.md
60,gold_full/Fabrica Curse/Preguntas Frecuentes/BD1-00153 - En dónde puedo obtener el certificado de no Matrimonio y que contiene.md
85,gold_full/Fabrica Curse/Preguntas Frecuentes/BD1-00154 - En qué consiste el Estudio de Titulo.md
69,gold_full/Fabrica Curse/Preguntas Frecuentes/BD1-00155 - Qué es un certificado de Avalúo Fiscal y en donde lo puedo pedir y que contiene.md
80,gold_full/Fabrica Curse/Preguntas Frecuentes/BD1-00156 - En dónde obtengo un certificado de pago de impuestos y que consiste.md
44,gold_full/Fabrica Curse/Preguntas Frecuentes/BD1-00157 - En dónde obtengo el certificado de no expropiación de Serviu.md
82,gold_full/Fabrica Curse/Preguntas Frecuentes/BD1-00158 - Qué es un certificado de no expropiación Municipal y donde lo puedo pedir.md
59,gold_full/Fabrica Curse/Preguntas Frecuentes/BD1-00159 - En dónde se obtiene el certificado de número.md
131,gold_full/Fabrica Curse/Preguntas Frecuentes/BD1-00160 - Qué es la recepción final y cual es su descripción.md
77,gold_full/Fabrica Curse/Preguntas Frecuentes/BD1-00161 - En qué consiste el Certificado de Vivienda Social y donde se consigue.md
80,gold_full/Fabrica Curse/Preguntas Frecuentes/BD1-00162 - En dónde puedo conseguir una Escritura Pública y como la pido.md
64,gold_full/Fabrica Curse/Preguntas Frecuentes/BD1-00163 - En qué consiste el formulario 24 - Pago Impuesto y Timbre Estampilla.md
53,gold_full/Fabrica Curse/Preguntas Frecuentes/BD1-00164 - Quién emite la Tasación y cuál es su descripción.md
57,gold_full/Fabrica Curse/Preguntas Frecuentes/BD1-00165 - En qué consiste el seguro desgravamen.md
59,gold_full/Fabrica Curse/Preguntas Frecuentes/BD1-00166 - Quién emite la solicitud de crédito hipotecario y cuál es su descripción.md
63,gold_full/Fabrica Curse/Preguntas Frecuentes/BD1-00167 - Qué es una carta de aceptación seguro desgravamen y cuál es su descripción.md
94,gold_full/Fabrica Curse/Preguntas Frecuentes/BD1-00168 - Qué es un certificado de deslindes del Conservador.md
200,gold_full/Fabrica Curse/Preguntas Frecuentes/BD1-00169 - Qué es la copia de inscripción de dominio vigente de la propiedad y como se obtiene.md
48,gold_full/Sitio Externos/Minvu/Subsidios/Comprar una Vivienda/BD1-00550 - A quiénes está dirigido Leasing Habitacional.md
192,gold_full/Sitio Externos/Minvu/Subsidios/Comprar una Vivienda/BD1-00551 - Beneficios para personas con discapacidad en programas Minvu DS1 Tramo 2.md
193,gold_full/Sitio Externos/Minvu/Subsidios/Comprar una Vivienda/BD1-00552 - Beneficios para personas con discapacidad en programas Minvu DS1 Tramo 3.md
93,gold_full/Sitio Externos/Minvu/Subsidios/Comprar una Vivienda/BD1-00553 - Cómo se financia la compra de una vivienda  DS1 Tramo 1.md
97,gold_full/Sitio Externos/Minvu/Subsidios/Comprar una Vivienda/BD1-00554 - Cómo se financia la compra de una vivienda  DS1 Tramo 2.md
98,gold_full/Sitio Externos/Minvu/Subsidios/Comprar una Vivienda/BD1-00555 - Cómo se financia la compra de una vivienda DS1 Tramo 3.md
73,gold_full/Sitio Externos/Minvu/Subsidios/Comprar una Vivienda/BD1-00556 - Documentos requeridos Leasing Habitacional.md
410,gold_full/Sitio Externos/Minvu/Subsidios/Comprar una Vivienda/BD1-00557 - DS19 Para comprar una vivienda con deuda hipotecaria.md
364,gold_full/Sitio Externos/Minvu/Subsidios/Comprar una Vivienda/BD1-00558 - DS19 Para comprar una vivienda si aún no tengo Subsidio.md
555,gold_full/Sitio Externos/Minvu/Subsidios/Comprar una Vivienda/BD1-00559 - DS19 Para comprar una vivienda sin deuda hipotecaria.md
432,gold_full/Sitio Externos/Minvu/Subsidios/Comprar una Vivienda/BD1-00560 - DS19 Plan de Integración Social para proyectos habitacionales.md
183,gold_full/Sitio Externos/Minvu/Subsidios/Comprar una Vivienda/BD1-00561 - DS19 Programa de Integración Social y Territorial.md
108,gold_full/Sitio Externos/Minvu/Subsidios/Comprar una Vivienda/BD1-00562 - En qué consiste el Programa  DS1 Tramo.md
109,gold_full/Sitio Externos/Minvu/Subsidios/Comprar una Vivienda/BD1-00563 - En qué consiste el programa DS1 Tramo 1.md
110,gold_full/Sitio Externos/Minvu/Subsidios/Comprar una Vivienda/BD1-00564 - En qué consiste el Programa DS1 Tramo 3.md
150,gold_full/Sitio Externos/Minvu/Subsidios/Comprar una Vivienda/BD1-00565 - Financiamiento Leasing Habitacional.md
122,gold_full/Sitio Externos/Minvu/Subsidios/Comprar una Vivienda/BD1-00566 - Leasing Habitacional.md
306,gold_full/Sitio Externos/Minvu/Subsidios/Comprar una Vivienda/BD1-00567 - Montos de subsidio según alternativa DS1 Tramo 1.md
269,gold_full/Sitio Externos/Minvu/Subsidios/Comprar una Vivienda/BD1-00568 - Montos de subsidio según alternativa DS1 Tramo 3.md
286,gold_full/Sitio Externos/Minvu/Subsidios/Comprar una Vivienda/BD1-00569 - Montos de subsidio según alternativa DS1 Tramo.md
281,gold_full/Sitio Externos/Minvu/Subsidios/Comprar una Vivienda/BD1-00570 - Paso a paso para postular  DS1 Tramo 3.md
278,gold_full/Sitio Externos/Minvu/Subsidios/Comprar una Vivienda/BD1-00571 - Paso a paso para postular DS1 Tramo 1.md
278,gold_full/Sitio Externos/Minvu/Subsidios/Comprar una Vivienda/BD1-00572 - Paso a paso para postular DS1 Tramo 2.md
281,gold_full/Sitio Externos/Minvu/Subsidios/Comprar una Vivienda/BD1-00573 - Paso a paso para postular Leasing Habitacional.md
337,gold_full/Sitio Externos/Minvu/Subsidios/Comprar una Vivienda/BD1-00574 - Requisitos generales para postular DS1 Tramo 1.md
374,gold_full/Sitio Externos/Minvu/Subsidios/Comprar una Vivienda/BD1-00575 - Requisitos generales para postular DS1 Tramo 2.md
354,gold_full/Sitio Externos/Minvu/Subsidios/Comprar una Vivienda/BD1-00576 - Requisitos generales para postular DS1 Tramo 3.md
213,gold_full/Sitio Externos/Minvu/Subsidios/Comprar una Vivienda/BD1-00577 - Requisitos generales para postular Leasing Habitacional.md
954,gold_full/Sitio Externos/Minvu/Subsidios/Comprar una Vivienda/BD1-00578 - Subsidio para comprar una vivienda construida de hasta 950 UF DS49.md
665,gold_full/Sitio Externos/Minvu/Subsidios/Comprar una Vivienda/BD1-00579 - Zonas DS 19 en Comunas Centrales y Pericentrales.md
94,gold_full/Sitio Externos/Minvu/Subsidios/Preguntas Frecuentes/BD1-00539 - Cuál es el monto mínimo del ahorro para POSTULAR a un subsidio habitacional.md
38,gold_full/Sitio Externos/Minvu/Subsidios/Preguntas Frecuentes/BD1-00540 - Dónde cobro el subsidio.md
62,gold_full/Sitio Externos/Minvu/Subsidios/Preguntas Frecuentes/BD1-00541 - Dónde se abre cuenta una de ahorro para la vivienda.md
38,gold_full/Sitio Externos/Minvu/Subsidios/Preguntas Frecuentes/BD1-00542 - Es posible pedir prórroga de los certificados de subsidio.md
50,gold_full/Sitio Externos/Minvu/Subsidios/Preguntas Frecuentes/BD1-00543 - Qué antigüedad debe tener la cuenta de ahorro para la vivienda.md
66,gold_full/Sitio Externos/Minvu/Subsidios/Preguntas Frecuentes/BD1-00544 - Qué es el Registro Social de Hogares (RSH).md
52,gold_full/Sitio Externos/Minvu/Subsidios/Preguntas Frecuentes/BD1-00545 - Qué es movilidad habitacional.md
75,gold_full/Sitio Externos/Minvu/Subsidios/Preguntas Frecuentes/BD1-00546 - Qué es un subsidio habitacional.md
128,gold_full/Sitio Externos/Minvu/Subsidios/Preguntas Frecuentes/BD1-00547 - Qué requisitos básicos debo cumplir para postular a un subsidio habitacional.md
46,gold_full/Sitio Externos/Minvu/Subsidios/Preguntas Frecuentes/BD1-00548 - Qué tipos de subsidios habitacionales existen.md
38,gold_full/Sitio Externos/Minvu/Subsidios/Preguntas Frecuentes/BD1-00549 - Qué vigencia tienen los certificados de subsidio.md
175,gold_full/Sitio Publico/Crédito Hipotecario/Todo lo que necesitas saber/BD1-00102 - Principales características de nuestros Créditos Hipotecarios_v1.0.md
203,gold_full/Sitio Publico/Crédito Hipotecario/Todo lo que necesitas saber/BD1-00103 - Requisitos para obtener un crédito hipotecario_v1.0.md
168,gold_full/Sitio Publico/Crédito Hipotecario/Todo lo que necesitas saber/BD1-00104 - Complemento de renta para un crédito hipotecario_v1.0.md
444,gold_full/Sitio Publico/Crédito Hipotecario/Todo lo que necesitas saber/BD1-00105 - Gastos Operacionales para crédito hipotecario_v1.0.md
373,gold_full/Sitio Publico/Crédito Hipotecario/Todo lo que necesitas saber/BD1-00106 - Seguros para crédito hipotecario_v1.0.md
58,gold_full/Sitio Publico/Crédito Hipotecario/Todo lo que necesitas saber/BD1-00107 - Tasa de interés para crédito hipotecario_v1.0.md
13,gold_full/Sitio Publico/Crédito Hipotecario/Todo lo que necesitas saber/BD1-00108 - Documentos legales para crédito hipotecario_v1.0.md
64,gold_full/Sitio Publico/Cuenta Ahorro Vivienda/BD1-00513 - Cómo contratar tu cuenta de ahorro para la vivienda.md
169,gold_full/Sitio Publico/Cuenta Ahorro Vivienda/BD1-00514 - Beneficios de tu Cuenta de Ahorro Vivienda.md
220,gold_full/Sitio Publico/Cuenta Ahorro Vivienda/BD1-00515 - Qué es la Cuenta de Ahorro Vivienda.md
37,gold_full/Sitio Publico/Cuenta Ahorro Vivienda/BD1-00516 - Qué documentos se necesitan para abrir la Cuenta de Ahorro Vivienda.md
70,gold_full/Sitio Publico/Cuenta Ahorro Vivienda/BD1-00517 - Cuáles son los requisitos para la Cuenta de Ahorro Vivienda.md
124,gold_full/Sitio Publico/Fogaes/BD1-00126 - Programa de Apoyo a la Vivienda Nueva con Tasa de Interés Subsidiada y Garantía Estatal FOGAES_v1.0.md
208,gold_full/Sitio Publico/Fogaes/BD1-00127 - Requisitos necesarios para acceder a Tasa de Interés Subsidiada y Garantía Estatal FOGAES_v1.0.md
90,gold_full/Sitio Publico/Fogaes/BD1-00128 - En qué consiste el programa de apoyo a la vivienda nueva con tasa subsidiada_v1.0.md
91,gold_full/Sitio Publico/Fogaes/BD1-00129 - Cuáles son los beneficios de este financiamiento_v1.0.md
195,gold_full/Sitio Publico/Fogaes/BD1-00130 - Cuáles son los requisitos que se deben cumplir para acceder a este financiamiento_v1.0.md
43,gold_full/Sitio Publico/Fogaes/BD1-00131 - Se puede acceder a este financiamiento para comprar una vivienda usada_v1.0.md
51,gold_full/Sitio Publico/Fogaes/BD1-00132 - Se financia el estacionamiento y la bodega_v1.0.md
82,gold_full/Sitio Publico/Fogaes/BD1-00133 - Si con el estacionamiento y bodega el valor de la propiedad supera las UF 4.000 o supera UF 3.000_v1.0.md
58,gold_full/Sitio Publico/Fogaes/BD1-00134 - Se puede solicitar financiamiento con más de un comprador y complementar renta_v1.0.md
56,gold_full/Sitio Publico/Fogaes/BD1-00135 - Hasta cuándo estará disponible este financiamiento_v1.0.md
91,gold_full/Sitio Publico/Fogaes/BD1-00136 - Si tengo una promesa de compraventa anterior al 31 de diciembre de 2024 puedo acceder a este financiamiento_v1.0.md
64,gold_full/Sitio Publico/Fogaes/BD1-00137 - Cómo se verifica que el cliente sea elegible para solicitar este financiamiento_v1.0.md
48,gold_full/Sitio Publico/Fogaes/BD1-00138 - Se puede financiar cualquier porcentaje del valor de la vivienda_v1.0.md
70,gold_full/Sitio Publico/Fogaes/BD1-00139 - Qué significa que este financiamiento tenga 50% de garantía estatal_v1.0.md
75,gold_full/Sitio Publico/Fogaes/BD1-00140 - Se debe postular al subsidio de tasa_v1.0.md
82,gold_full/Sitio Publico/Portabilidad/BD1-00528 - Cuanto tiempo demora el proceso de Portabilidad.md
107,gold_full/Sitio Publico/Portabilidad/BD1-00529 - Qué beneficios tiene la Portabilidad Financiera para los clientes.md
99,gold_full/Sitio Publico/Portabilidad/BD1-00530 - Qué es el certificado de liquidación.md
167,gold_full/Sitio Publico/Portabilidad/BD1-00531 - Qué es la Portabilidad Financiera.md
78,gold_full/Sitio Publico/Portabilidad/BD1-00532 - Si me porto con un crédito hipotecario a banco estado.md
184,gold_full/Sitio Publico/Portabilidad/BD1-00533 - Qué beneficios tiene la Portabilidad Financiera.md
223,gold_full/Sitio Publico/Portabilidad/BD1-00534 - Qué tipos de Portabilidad Financiera existen.md
158,gold_full/Sitio Publico/Portabilidad/BD1-00535 - Qué antecedentes debo presentar ara acceder a la Portabilidad Financiera.md
144,gold_full/Sitio Publico/Portabilidad/BD1-00536 - Cuál es la diferencia entre bloqueo y cierre de productos.md
110,gold_full/Sitio Publico/Portabilidad/BD1-00537 - Cómo evalúo si me conviene portarme a Banco Estado.md
89,gold_full/Sitio Publico/Portabilidad/BD1-00538 - Cuál es el costo de portarme a Banco Estado.md
49,gold_full/Sitio Publico/Preguntas Frecuentes/Crédito Hipotecario/BD1-00109 - Qué antecedentes necesito presentar al Banco para realizar la evaluación de mi Crédito Hipotecario_v1.0.md
104,gold_full/Sitio Publico/Preguntas Frecuentes/Crédito Hipotecario/BD1-00110 - Cuánto dinero puedo pedir prestado para adquirir una vivienda_v1.0.md
89,gold_full/Sitio Publico/Preguntas Frecuentes/Crédito Hipotecario/BD1-00111 - Cómo puedo obtener una Tasa de Interés Preferente_v1.0.md
221,gold_full/Sitio Publico/Preguntas Frecuentes/Crédito Hipotecario/BD1-00112 - Estoy obligado a contratar Seguro para cualquier Crédito Hipotecario_v1.0.md
101,gold_full/Sitio Publico/Preguntas Frecuentes/Crédito Hipotecario/BD1-00113 - Cuál es el mejor plazo para solicitar un Crédito Hipotecario_v1.0.md
75,gold_full/Sitio Publico/Preguntas Frecuentes/Crédito Hipotecario/BD1-00114 - Qué es una tasación_v1.0.md
113,gold_full/Sitio Publico/Preguntas Frecuentes/Crédito Hipotecario/BD1-00115 - Qué es un Estudio de Títulos_v1.0.md
171,gold_full/Sitio Publico/Preguntas Frecuentes/Crédito Hipotecario/BD1-00116 - Qué gastos voy a tener que realizar al solicitar un Crédito Hipotecario_v1.0.md
96,gold_full/Sitio Publico/Preguntas Frecuentes/Crédito Hipotecario/BD1-00117 - Quiénes intervienen en el otorgamiento de un Crédito Hipotecario_v1.0.md
82,gold_full/Sitio Publico/Preguntas Frecuentes/Crédito Hipotecario/BD1-00118 - Qué tipo de financiamiento existe para la compra de una vivienda_v1.0.md
119,gold_full/Sitio Publico/Preguntas Frecuentes/Crédito Hipotecario/BD1-00119 - Cuál es la edad mínima y máxima para contratar un Crédito Hipotecario_v1.0.md
144,gold_full/Sitio Publico/Preguntas Frecuentes/Crédito Hipotecario/BD1-00120 - Qué tipos de tasas existen_v1.0.md
187,gold_full/Sitio Publico/Preguntas Frecuentes/Crédito Hipotecario/BD1-00121 - Cuándo se debe pagar impuesto al Mutuo_v1.0.md
44,gold_full/Sitio Publico/Preguntas Frecuentes/Crédito Hipotecario/BD1-00122 - Qué son los Gastos Notariales_v1.0.md
78,gold_full/Sitio Publico/Preguntas Frecuentes/Crédito Hipotecario/BD1-00123 - A que corresponden los gastos del Conservador de Bienes Raíces (CBR)_v1.0.md
56,gold_full/Sitio Publico/Preguntas Frecuentes/Crédito Hipotecario/BD1-00124 - Cuándo comienzo a pagar el primer dividendo_v1.0.md
96,gold_full/Sitio Publico/Preguntas Frecuentes/Crédito Hipotecario/BD1-00125 - Puedo pagar mi Dividendo en CajaVecina_v1.0.md
83,gold_full/Sitio Publico/Preguntas Frecuentes/Crédito Hipotecario/BD1-00603 - Cuál es la renta mínima exigida para complementar renta.md
53,gold_full/Sitio Publico/Preguntas Frecuentes/Crédito Hipotecario/BD1-00604 - Cuánto tiempo se demora en hacer una tasación.md
76,gold_full/Sitio Publico/Preguntas Frecuentes/Crédito Hipotecario/BD1-00605 - Debo estar en el Registro Social de Hogares para postular a un subsid.md
59,gold_full/Sitio Publico/Preguntas Frecuentes/Crédito Hipotecario/BD1-00606 - Puedo complementar renta con un codeudor.md
80,gold_full/Sitio Publico/Preguntas Frecuentes/Crédito Hipotecario/BD1-00607 - Puedo complementar renta.md
128,gold_full/Sitio Publico/Preguntas Frecuentes/Crédito Hipotecario/BD1-00608 - Puedo solicitar un crédito hipotecario si tengo ingresos en el extran.md
71,gold_full/Sitio Publico/Preguntas Frecuentes/Crédito Hipotecario/BD1-00609 - Puedo solicitar un crédito hipotecario si tengo un contrato de plazo fijo.md
72,gold_full/Sitio Publico/Preguntas Frecuentes/Crédito Hipotecario/BD1-00610 - Puedo usar una tasación de otro banco.md
83,gold_full/Sitio Publico/Preguntas Frecuentes/Crédito Hipotecario/BD1-00611 - Qué antigüedad debe tener la libreta de ahorro para la vivienda.md
366,gold_full/Sitio Publico/Preguntas Frecuentes/Crédito Hipotecario/BD1-00612 - Qué documentos necesito para acreditar renta.md
79,gold_full/Sitio Publico/Preguntas Frecuentes/Crédito Hipotecario/BD1-00613 - Qué estado civil debo tener para postular a un subsidio habitacional.md
68,gold_full/Sitio Publico/Preguntas Frecuentes/Crédito Hipotecario/BD1-00614 - Qué requisitos debo cumplir para complementar renta.md
49,gold_full/Sitio Publico/Preguntas Frecuentes/Crédito Hipotecario/BD1-00615 - Qué vigencia tienen una tasación.md
46,gold_full/Sitio Publico/Preguntas Frecuentes/Crédito Hipotecario/BD1-00616 - Qué es una tasación.md
532,gold_full/Sitio Publico/Refinanciamiento/BD1-00518 - Acreditación de ingresos Refinanciamiento Hipotecario.md
172,gold_full/Sitio Publico/Refinanciamiento/BD1-00519 - Beneficio del Refinanciamiento Hipotecario.md
82,gold_full/Sitio Publico/Refinanciamiento/BD1-00520 - Cuándo solicitar un Refinanciamiento Hipotecario.md
446,gold_full/Sitio Publico/Refinanciamiento/BD1-00521 - Gastos Operacionales Refinanciamiento Hipotecario.md
210,gold_full/Sitio Publico/Refinanciamiento/BD1-00522 - Requisitos Refinanciamiento Hipotecario.md
61,gold_full/Sitio Publico/Refinanciamiento/BD1-00523 - Se puede solicitar período de gracia en un Refinanciamiento Hipotecario.md
79,gold_full/Sitio Publico/Refinanciamiento/BD1-00524 - Se pueden solicitar meses sabáticos o de no pago en un Refinanciamiento Hipotecario.md
375,gold_full/Sitio Publico/Refinanciamiento/BD1-00525 - Seguros Refinanciamiento Hipotecario.md
155,gold_full/Sitio Publico/Refinanciamiento/BD1-00526 - Tasa de Interés Refinanciamiento Hipotecario.md
109,gold_full/Sitio Publico/Refinanciamiento/BD1-00527 - Se pueden hacer prepagos en un Crédito de Refinanciamiento Hipotecario.md
